<step title="Incoming Request" date="2025-01-24T18:35:41.029" instance="3d3e86" url="/api/deployments/latest" method="GET" type="request" pid="87,1,54" Accept="*/*" Host="winter-frontend-app.scm.azurewebsites.net" User-Agent="AZURECLI/2.68.0 (HOMEBREW)" Accept-Encoding="gzip, deflate" Authorization="Bas..." x-ms-client-request-id="fe857efa-da81-11ef-9ede-5669ec64a9e2" X-ARR-LOG-ID="fe857efa-da81-11ef-9ede-5669ec64a9e2" CLIENT-IP="89.64.57.58:21112" X-Client-IP="89.64.57.58" X-SITE-DEPLOYMENT-ID="winter-frontend-app" WAS-DEFAULT-HOSTNAME="winter-frontend-app.scm.azurewebsites.net" X-Forwarded-Proto="https" X-AppService-Proto="https" X-Forwarded-TlsVersion="1.3" X-WAWS-Unencoded-URL="/api/deployments/latest" X-Client-Port="21112" >
  <step title="Cleanup Xml Logs" date="2025-01-24T18:35:41.086" /><!-- duration: 184ms -->
  <step title="DeploymentService.GetResult" date="2025-01-24T18:35:41.400" >
    <step title="DeploymentService.GetLatestDeployment" date="2025-01-24T18:35:41.417" >
      <step title="DeploymentManager.GetResults" date="2025-01-24T18:35:41.426" /><!-- duration: 763ms -->
      <step title="Deployment 4676f5d7-403e-4966-8873-c8ddf89c2066 is Pending" date="2025-01-24T18:35:42.222" /><!-- duration: 45ms -->
    </step><!-- duration: 859ms -->
  </step><!-- duration: 886ms -->
  <step title="Outgoing response" date="2025-01-24T18:35:42.317" type="response" statusCode="202" statusText="Accepted" /><!-- duration: 11ms -->
</step><!-- duration: 1316ms -->
