<step title="Incoming Request" date="2025-01-24T17:47:44.663" instance="3d3e86" url="/api/deployments/latest" method="GET" type="request" pid="87,1,27" Accept="*/*" Host="winter-frontend-app.scm.azurewebsites.net" User-Agent="AZURECLI/2.68.0 (HOMEBREW)" Accept-Encoding="gzip, deflate" Authorization="Bas..." x-ms-client-request-id="4b51c8a8-da7b-11ef-ab95-5669ec64a9e2" X-ARR-LOG-ID="4b51c8a8-da7b-11ef-ab95-5669ec64a9e2" CLIENT-IP="89.64.57.58:21026" X-Client-IP="89.64.57.58" X-SITE-DEPLOYMENT-ID="winter-frontend-app" WAS-DEFAULT-HOSTNAME="winter-frontend-app.scm.azurewebsites.net" X-Forwarded-Proto="https" X-AppService-Proto="https" X-Forwarded-TlsVersion="1.3" X-WAWS-Unencoded-URL="/api/deployments/latest" X-Client-Port="21026" >
  <step title="Cleanup Xml Logs" date="2025-01-24T17:47:44.674" /><!-- duration: 23ms -->
  <step title="DeploymentService.GetResult" date="2025-01-24T17:47:45.204" >
    <step title="DeploymentService.GetLatestDeployment" date="2025-01-24T17:47:45.226" >
      <step title="DeploymentManager.GetResults" date="2025-01-24T17:47:45.262" /><!-- duration: 707ms -->
      <step title="Deployment d6944e5b-e539-4c14-a419-f2e11690d17b is Pending" date="2025-01-24T17:47:45.989" /><!-- duration: 9ms -->
    </step><!-- duration: 784ms -->
  </step><!-- duration: 823ms -->
  <step title="Outgoing response" date="2025-01-24T17:47:46.083" type="response" statusCode="202" statusText="Accepted" /><!-- duration: 10ms -->
</step><!-- duration: 1440ms -->
