<step title="Incoming Request" date="2025-01-24T17:47:38.455" instance="3d3e86" url="/api/zipdeploy?isAsync=true" method="POST" type="request" pid="87,1,26" Accept="*/*" Host="winter-frontend-app.scm.azurewebsites.net" User-Agent="AZURECLI/2.68.0 (HOMEBREW)" Accept-Encoding="gzip, deflate" Authorization="Bas..." Cache-Control="no-cache" Content-Type="application/octet-stream" Content-Length="1018886" x-ms-client-request-id="4b51c8a8-da7b-11ef-ab95-5669ec64a9e2" x-ms-artifact-checksum="e34fd9a32e46a5df1904422010e18d58f8338498b6e268b6b5c1cf41a06d6747" X-ARR-LOG-ID="4b51c8a8-da7b-11ef-ab95-5669ec64a9e2" CLIENT-IP="89.64.57.58:21037" X-Client-IP="89.64.57.58" X-SITE-DEPLOYMENT-ID="winter-frontend-app" WAS-DEFAULT-HOSTNAME="winter-frontend-app.scm.azurewebsites.net" X-Forwarded-Proto="https" X-AppService-Proto="https" X-Forwarded-TlsVersion="1.3" X-WAWS-Unencoded-URL="/api/zipdeploy?isAsync=true" X-Client-Port="21037" >
  <step title="Cleanup Xml Logs" date="2025-01-24T17:47:38.471" /><!-- duration: 21ms -->
  <step title="ZipPushDeploy" date="2025-01-24T17:47:38.891" >
    <step title="ZipDeploy. Extract zip." date="2025-01-24T17:47:38.920" /><!-- duration: 9ms -->
    <step title="None repository commit" date="2025-01-24T17:47:39.023" >
      <step title="Commit id: d6944e5b-e539-4c14-a419-f2e11690d17b" date="2025-01-24T17:47:39.035" Message="N/A" AuthorName="N/A" AuthorEmail="N/A" /><!-- duration: 10ms -->
    </step><!-- duration: 40ms -->
    <step title="Starting PushDeployAsync" date="2025-01-24T17:47:39.084" /><!-- duration: 10ms -->
    <step title="Writing artifact to /tmp/zipdeploy/713783c7-fdd9-4f96-b7ad-280ce7fa6157.zip" date="2025-01-24T17:47:39.460" >
      <step title="Writing request body to artifacts at /tmp/zipdeploy/713783c7-fdd9-4f96-b7ad-280ce7fa6157.zip" date="2025-01-24T17:47:39.497" /><!-- duration: 11ms -->
    </step><!-- duration: 280ms -->
    <step title="Start deployment in the background" date="2025-01-24T17:47:39.789" >
      <step title="Acquiring Deployment Lock" date="2025-01-24T17:47:39.902" /><!-- duration: 18ms -->
      <step title="Acquired Deployment Lock" date="2025-01-24T17:47:40.068" /><!-- duration: 13ms -->
    </step><!-- duration: 578ms -->
  </step><!-- duration: 1521ms -->
  <step title="Outgoing response" date="2025-01-24T17:47:40.488" type="response" statusCode="202" statusText="Accepted" /><!-- duration: 38ms -->
</step><!-- duration: 2090ms -->
