<step title="BackgroundTrace" date="2025-01-24T18:35:36.598" instance="3d3e86" url="/api/zipdeploy" method="POST" >
  <step title="Creating temporary deployment - FetchDeploymentManager" date="2025-01-24T18:35:36.688" /><!-- duration: 6ms -->
  <step title="Creating temporary deployment" date="2025-01-24T18:35:36.700" /><!-- duration: 81ms -->
  <step title="Performing fetch based deployment" date="2025-01-24T18:35:36.931" >
    <step title="Cleaning up temp folders from previous zip deployments and extracting pushed zip file /tmp/zipdeploy/215b61ac-e12c-4bc1-a3b4-44bec14cf07a.zip (0.97 MB) to /tmp/zipdeploy/extracted" date="2025-01-24T18:35:38.137" >
      <step title="ChmodRecursive Process exited with total time taken in ms: 68" date="2025-01-24T18:35:38.552" /><!-- duration: 17ms -->
    </step><!-- duration: 461ms -->
    <step title="Deployment timer started" date="2025-01-24T18:35:40.630" >
      <step title="DeploymentManager.Deploy(id:4676f5d7-403e-4966-8873-c8ddf89c2066)" date="2025-01-24T18:35:40.669" >
        <step title="Collecting changeset information" date="2025-01-24T18:35:40.759" /><!-- duration: 232ms -->
        <step title="Updating submodules" date="2025-01-24T18:35:41.086" /><!-- duration: 1393ms -->
        <step title="Determining deployment builder" date="2025-01-24T18:35:43.049" >
          <step title="Builder is BasicBuilder" date="2025-01-24T18:35:43.127" /><!-- duration: 18ms -->
        </step><!-- duration: 126ms -->
        <step title="PreDeployment: context.CleanOutputPath False" date="2025-01-24T18:35:43.346" >
          <step title="PreDeployment: context.OutputPath /home/site/wwwroot" date="2025-01-24T18:35:43.634" >
            <step title="Building" date="2025-01-24T18:35:44.290" >
              <step title="Generating deployment script" date="2025-01-24T18:35:44.460" >
                <step title="Using cached version of the deployment script for command: -y --no-dot-deployment -r &quot;/tmp/zipdeploy/extracted&quot; -o &quot;/home/site/deployments/tools&quot; --basic --sitePath &quot;/tmp/zipdeploy/extracted&quot;" date="2025-01-24T18:35:44.527" /><!-- duration: 5ms -->
              </step><!-- duration: 135ms -->
              <step title="Executing external process" date="2025-01-24T18:35:44.785" type="process" path="starter.sh" arguments="&quot;/home/site/deployments/tools/deploy.sh&quot;" /><!-- duration: 1080ms -->
              <step title="Triggering recycle (preview mode disabled)." date="2025-01-24T18:35:46.258" /><!-- duration: 8ms -->
              <step title="Modified file to trigger a restart of the app container." date="2025-01-24T18:35:46.306" /><!-- duration: 5ms -->
              <step title="Skip function trigger and logicapp sync because function is not enabled." date="2025-01-24T18:35:46.319" /><!-- duration: 10ms -->
            </step><!-- duration: 2898ms -->
          </step><!-- duration: 3572ms -->
          <step title="Cleaning up temp files" date="2025-01-24T18:35:47.212" /><!-- duration: 16ms -->
          <step title="Cleaning up temp files" date="2025-01-24T18:35:47.247" /><!-- duration: 512ms -->
          <step title="Reloading status file with latest updates" date="2025-01-24T18:35:47.786" >
            <step title="WebHooksManager.PublishEventAsync: PostDeployment" date="2025-01-24T18:35:47.796" /><!-- duration: 50ms -->
          </step><!-- duration: 69ms -->
          <step title="Cleaning up temporary deployment - fetch deployment was successful" date="2025-01-24T18:35:47.865" /><!-- duration: 7ms -->
        </step><!-- duration: 4607ms -->
      </step><!-- duration: 7322ms -->
