<step title="BackgroundTrace" date="2025-01-24T18:14:35.396" instance="3d3e86" url="/api/zipdeploy" method="POST" >
  <step title="Creating temporary deployment - FetchDeploymentManager" date="2025-01-24T18:14:35.486" /><!-- duration: 5ms -->
  <step title="Creating temporary deployment" date="2025-01-24T18:14:35.498" /><!-- duration: 78ms -->
  <step title="Performing fetch based deployment" date="2025-01-24T18:14:35.743" >
    <step title="Cleaning up temp folders from previous zip deployments and extracting pushed zip file /tmp/zipdeploy/a1a5d9bc-fe16-4208-80a6-705e0e177e55.zip (0.97 MB) to /tmp/zipdeploy/extracted" date="2025-01-24T18:14:36.918" >
      <step title="ChmodRecursive Process exited with total time taken in ms: 56" date="2025-01-24T18:14:37.084" /><!-- duration: 11ms -->
    </step><!-- duration: 184ms -->
    <step title="Deployment timer started" date="2025-01-24T18:14:39.126" >
      <step title="DeploymentManager.Deploy(id:16a65692-a488-4ef1-8c52-2d3c443e22b4)" date="2025-01-24T18:14:39.172" >
        <step title="Collecting changeset information" date="2025-01-24T18:14:39.250" /><!-- duration: 162ms -->
        <step title="Updating submodules" date="2025-01-24T18:14:39.427" /><!-- duration: 1145ms -->
        <step title="Determining deployment builder" date="2025-01-24T18:14:40.829" >
          <step title="Builder is BasicBuilder" date="2025-01-24T18:14:40.872" /><!-- duration: 8ms -->
        </step><!-- duration: 66ms -->
        <step title="PreDeployment: context.CleanOutputPath False" date="2025-01-24T18:14:41.007" >
          <step title="PreDeployment: context.OutputPath /home/site/wwwroot" date="2025-01-24T18:14:41.153" >
            <step title="Building" date="2025-01-24T18:14:41.372" >
              <step title="Generating deployment script" date="2025-01-24T18:14:41.494" >
                <step title="Using cached version of the deployment script for command: -y --no-dot-deployment -r &quot;/tmp/zipdeploy/extracted&quot; -o &quot;/home/site/deployments/tools&quot; --basic --sitePath &quot;/tmp/zipdeploy/extracted&quot;" date="2025-01-24T18:14:41.579" /><!-- duration: 7ms -->
              </step><!-- duration: 202ms -->
              <step title="Executing external process" date="2025-01-24T18:14:42.144" type="process" path="starter.sh" arguments="&quot;/home/site/deployments/tools/deploy.sh&quot;" /><!-- duration: 1717ms -->
              <step title="Triggering recycle (preview mode disabled)." date="2025-01-24T18:14:44.122" /><!-- duration: 11ms -->
              <step title="Modified file to trigger a restart of the app container." date="2025-01-24T18:14:44.167" /><!-- duration: 5ms -->
              <step title="Skip function trigger and logicapp sync because function is not enabled." date="2025-01-24T18:14:44.184" /><!-- duration: 10ms -->
            </step><!-- duration: 3617ms -->
          </step><!-- duration: 3855ms -->
          <step title="Cleaning up temp files" date="2025-01-24T18:14:45.014" /><!-- duration: 28ms -->
          <step title="Cleaning up temp files" date="2025-01-24T18:14:45.084" /><!-- duration: 516ms -->
          <step title="Reloading status file with latest updates" date="2025-01-24T18:14:45.632" >
            <step title="WebHooksManager.PublishEventAsync: PostDeployment" date="2025-01-24T18:14:45.644" /><!-- duration: 42ms -->
          </step><!-- duration: 61ms -->
          <step title="Cleaning up temporary deployment - fetch deployment was successful" date="2025-01-24T18:14:45.702" /><!-- duration: 6ms -->
        </step><!-- duration: 4787ms -->
      </step><!-- duration: 6653ms -->
