<step title="Incoming Request" date="2025-01-24T19:28:01.320" instance="3d3e86" url="/api/publish?type=zip" method="POST" type="request" pid="87,1,31" Accept="*/*" Host="winter-frontend-app.scm.azurewebsites.net" User-Agent="AZURECLI/2.68.0 (HOMEBREW)" Accept-Encoding="gzip, deflate" Authorization="Bas..." Cache-Control="no-cache" Content-Type="application/octet-stream" Content-Length="1018938" x-ms-client-request-id="50f8a8a4-da89-11ef-8263-5669ec64a9e2" x-ms-artifact-checksum="700c7d34438724fa99cb7e80bd14dd3353d292e2d11e8b9becb744bdba0c5881" X-ARR-LOG-ID="50f8a8a4-da89-11ef-8263-5669ec64a9e2" CLIENT-IP="89.64.57.58:21047" X-Client-IP="89.64.57.58" X-SITE-DEPLOYMENT-ID="winter-frontend-app" WAS-DEFAULT-HOSTNAME="winter-frontend-app.scm.azurewebsites.net" X-Forwarded-Proto="https" X-AppService-Proto="https" X-Forwarded-TlsVersion="1.3" X-WAWS-Unencoded-URL="/api/publish?type=zip" X-Client-Port="21047" >
  <step title="Cleanup Xml Logs" date="2025-01-24T19:28:01.338" /><!-- duration: 61ms -->
  <step title="OneDeploy" date="2025-01-24T19:28:01.589" >
    <step title="Starting PushDeployAsync" date="2025-01-24T19:28:01.660" /><!-- duration: 47ms -->
    <step title="Writing artifact to /tmp/zipdeploy/40e58cf3-4b2d-491e-a899-dfff920dc7e8.zip" date="2025-01-24T19:28:01.875" >
      <step title="Writing request body to artifacts at /tmp/zipdeploy/40e58cf3-4b2d-491e-a899-dfff920dc7e8.zip" date="2025-01-24T19:28:01.966" /><!-- duration: 28ms -->
    </step><!-- duration: 455ms -->
    <step title="Attempting to fetch target branch HEAD" date="2025-01-24T19:28:02.517" /><!-- duration: 87ms -->
    <step title="Acquiring Deployment Lock" date="2025-01-24T19:28:02.694" /><!-- duration: 40ms -->
    <step title="Acquired Deployment Lock" date="2025-01-24T19:28:02.961" /><!-- duration: 28ms -->
    <step title="Performing fetch based deployment" date="2025-01-24T19:28:03.108" >
      <step title="Creating temporary deployment" date="2025-01-24T19:28:03.185" /><!-- duration: 556ms -->
      <step title="Releasing Deployment Lock" date="2025-01-24T19:28:05.567" /><!-- duration: 47ms -->
      <step title="Cleaning up temp folders from previous zip deployments and extracting pushed zip file /tmp/zipdeploy/40e58cf3-4b2d-491e-a899-dfff920dc7e8.zip (0.97 MB) to /tmp/zipdeploy/extracted" date="2025-01-24T19:28:05.794" >
        <step title="ChmodRecursive Process exited with total time taken in ms: 105" date="2025-01-24T19:28:25.887" /><!-- duration: 43ms -->
      </step><!-- duration: 20162ms -->
      <step title="None repository commit" date="2025-01-24T19:28:25.978" >
        <step title="Commit id: 9ad914b2-9561-46dc-ad8a-10a736b7fb6b" date="2025-01-24T19:28:25.989" Message="OneDeploy" AuthorName="N/A" AuthorEmail="N/A" /><!-- duration: 15ms -->
      </step><!-- duration: 37ms -->
      <step title="Deployment timer started" date="2025-01-24T19:28:28.034" >
        <step title="DeploymentManager.Deploy(id:9ad914b2-9561-46dc-ad8a-10a736b7fb6b)" date="2025-01-24T19:28:28.061" >
          <step title="Collecting changeset information" date="2025-01-24T19:28:28.142" /><!-- duration: 129ms -->
          <step title="Updating submodules" date="2025-01-24T19:28:28.292" /><!-- duration: 1211ms -->
          <step title="Determining deployment builder" date="2025-01-24T19:28:29.864" >
            <step title="Builder is OneDeployBuilder" date="2025-01-24T19:28:29.913" /><!-- duration: 10ms -->
          </step><!-- duration: 85ms -->
          <step title="PreDeployment: context.CleanOutputPath False" date="2025-01-24T19:28:30.048" >
            <step title="PreDeployment: context.OutputPath /home/site/wwwroot" date="2025-01-24T19:28:30.229" >
              <step title="Building" date="2025-01-24T19:28:30.603" >
                <step title="Modified file to trigger a restart of the app container." date="2025-01-24T19:28:33.479" /><!-- duration: 18ms -->
                <step title="Skip function trigger and logicapp sync because function is not enabled." date="2025-01-24T19:28:33.524" /><!-- duration: 19ms -->
              </step><!-- duration: 4632ms -->
            </step><!-- duration: 5320ms -->
            <step title="Cleaning up temp files" date="2025-01-24T19:28:35.559" /><!-- duration: 92ms -->
            <step title="Cleaning up temp files" date="2025-01-24T19:28:35.672" /><!-- duration: 533ms -->
            <step title="Reloading status file with latest updates" date="2025-01-24T19:28:36.281" >
              <step title="WebHooksManager.PublishEventAsync: PostDeployment" date="2025-01-24T19:28:36.317" /><!-- duration: 92ms -->
            </step><!-- duration: 158ms -->
            <step title="Cleaning up temporary deployment - fetch deployment was successful" date="2025-01-24T19:28:36.466" /><!-- duration: 10ms -->
          </step><!-- duration: 6561ms -->
        </step><!-- duration: 8569ms -->
        <step title="Outgoing response" date="2025-01-24T19:28:36.647" type="response" statusCode="200" statusText="OK" /><!-- duration: 18ms -->
      </step><!-- duration: 8644ms -->
