<step title="BackgroundTrace" date="2025-01-24T18:33:55.439" instance="3d3e86" url="/api/zipdeploy" method="POST" >
  <step title="Creating temporary deployment - FetchDeploymentManager" date="2025-01-24T18:33:56.094" /><!-- duration: 6ms -->
  <step title="Creating temporary deployment" date="2025-01-24T18:33:56.130" /><!-- duration: 164ms -->
  <step title="Performing fetch based deployment" date="2025-01-24T18:33:56.377" >
    <step title="Cleaning up temp folders from previous zip deployments and extracting pushed zip file /tmp/zipdeploy/b420bad6-f6cd-4c65-8ae8-1d2a436fc69e.zip (0.97 MB) to /tmp/zipdeploy/extracted" date="2025-01-24T18:33:57.674" >
      <step title="ChmodRecursive Process exited with total time taken in ms: 48" date="2025-01-24T18:33:57.840" /><!-- duration: 10ms -->
    </step><!-- duration: 191ms -->
    <step title="Deployment timer started" date="2025-01-24T18:33:59.884" >
      <step title="DeploymentManager.Deploy(id:1c5434e0-5a3e-46d6-84e3-3cf9093f9040)" date="2025-01-24T18:33:59.919" >
        <step title="Collecting changeset information" date="2025-01-24T18:33:59.962" /><!-- duration: 177ms -->
        <step title="Updating submodules" date="2025-01-24T18:34:00.150" /><!-- duration: 1155ms -->
        <step title="Determining deployment builder" date="2025-01-24T18:34:01.547" >
          <step title="Builder is BasicBuilder" date="2025-01-24T18:34:01.586" /><!-- duration: 8ms -->
        </step><!-- duration: 78ms -->
        <step title="PreDeployment: context.CleanOutputPath False" date="2025-01-24T18:34:01.737" >
          <step title="PreDeployment: context.OutputPath /home/site/wwwroot" date="2025-01-24T18:34:01.971" >
            <step title="Building" date="2025-01-24T18:34:02.496" >
              <step title="Generating deployment script" date="2025-01-24T18:34:02.719" >
                <step title="Using cached version of the deployment script for command: -y --no-dot-deployment -r &quot;/tmp/zipdeploy/extracted&quot; -o &quot;/home/site/deployments/tools&quot; --basic --sitePath &quot;/tmp/zipdeploy/extracted&quot;" date="2025-01-24T18:34:02.895" /><!-- duration: 9ms -->
              </step><!-- duration: 259ms -->
              <step title="Executing external process" date="2025-01-24T18:34:03.363" type="process" path="starter.sh" arguments="&quot;/home/site/deployments/tools/deploy.sh&quot;" /><!-- duration: 2726ms -->
              <step title="Triggering recycle (preview mode disabled)." date="2025-01-24T18:34:06.376" /><!-- duration: 5ms -->
              <step title="Modified file to trigger a restart of the app container." date="2025-01-24T18:34:06.465" /><!-- duration: 6ms -->
              <step title="Skip function trigger and logicapp sync because function is not enabled." date="2025-01-24T18:34:06.482" /><!-- duration: 19ms -->
            </step><!-- duration: 4815ms -->
          </step><!-- duration: 5350ms -->
          <step title="Cleaning up temp files" date="2025-01-24T18:34:07.326" /><!-- duration: 12ms -->
          <step title="Cleaning up temp files" date="2025-01-24T18:34:07.348" /><!-- duration: 512ms -->
          <step title="Reloading status file with latest updates" date="2025-01-24T18:34:07.890" >
            <step title="WebHooksManager.PublishEventAsync: PostDeployment" date="2025-01-24T18:34:07.901" /><!-- duration: 47ms -->
          </step><!-- duration: 69ms -->
          <step title="Cleaning up temporary deployment - fetch deployment was successful" date="2025-01-24T18:34:07.971" /><!-- duration: 5ms -->
        </step><!-- duration: 6339ms -->
      </step><!-- duration: 8192ms -->
