<step title="Incoming Request" date="2025-01-24T18:53:08.113" instance="3d3e86" url="/api/publish?type=zip" method="POST" type="request" pid="87,1,19" Accept="*/*" Host="winter-frontend-app.scm.azurewebsites.net" User-Agent="AZURECLI/2.68.0 (HOMEBREW)" Accept-Encoding="gzip, deflate" Authorization="Bas..." Cache-Control="no-cache" Content-Type="application/octet-stream" Content-Length="2038021" x-ms-client-request-id="703dce4c-da84-11ef-a0d8-5669ec64a9e2" x-ms-artifact-checksum="a5857901095f0a3715ae657a19e1c1a94768160a9909e1924907864aceaf2352" X-ARR-LOG-ID="703dce4c-da84-11ef-a0d8-5669ec64a9e2" CLIENT-IP="89.64.57.58:21008" X-Client-IP="89.64.57.58" X-SITE-DEPLOYMENT-ID="winter-frontend-app" WAS-DEFAULT-HOSTNAME="winter-frontend-app.scm.azurewebsites.net" X-Forwarded-Proto="https" X-AppService-Proto="https" X-Forwarded-TlsVersion="1.3" X-WAWS-Unencoded-URL="/api/publish?type=zip" X-Client-Port="21008" >
  <step title="Cleanup Xml Logs" date="2025-01-24T18:53:08.150" /><!-- duration: 51ms -->
  <step title="OneDeploy" date="2025-01-24T18:53:08.796" >
    <step title="Starting PushDeployAsync" date="2025-01-24T18:53:08.843" /><!-- duration: 28ms -->
    <step title="Writing artifact to /tmp/zipdeploy/3e243371-5327-4ae5-940d-18a09c5a0da8.zip" date="2025-01-24T18:53:09.018" >
      <step title="Writing request body to artifacts at /tmp/zipdeploy/3e243371-5327-4ae5-940d-18a09c5a0da8.zip" date="2025-01-24T18:53:09.054" /><!-- duration: 13ms -->
    </step><!-- duration: 247ms -->
    <step title="Attempting to fetch target branch HEAD" date="2025-01-24T18:53:09.336" /><!-- duration: 65ms -->
    <step title="Acquiring Deployment Lock" date="2025-01-24T18:53:09.433" /><!-- duration: 7ms -->
    <step title="Acquired Deployment Lock" date="2025-01-24T18:53:09.528" /><!-- duration: 18ms -->
    <step title="Performing fetch based deployment" date="2025-01-24T18:53:09.562" >
      <step title="Creating temporary deployment" date="2025-01-24T18:53:09.596" /><!-- duration: 296ms -->
      <step title="Cleaning up temp folders from previous zip deployments and extracting pushed zip file /tmp/zipdeploy/3e243371-5327-4ae5-940d-18a09c5a0da8.zip (1.94 MB) to /tmp/zipdeploy/extracted" date="2025-01-24T18:53:11.409"       <step title="Releasing Deployment Lock" date="2025-01-24T18:53:11.420" /><!-- duration: 19ms -->
        <step title="ChmodRecursive Process exited with total time taken in ms: 129" date="2025-01-24T18:53:11.985" /><!-- duration: 28ms -->
      </step><!-- duration: 654ms -->
      <step title="None repository commit" date="2025-01-24T18:53:12.096" >
        <step title="Commit id: 853f0ff9-1757-499c-805e-7b9d067219d9" date="2025-01-24T18:53:12.101" Message="OneDeploy" AuthorName="N/A" AuthorEmail="N/A" /><!-- duration: 5ms -->
      </step><!-- duration: 22ms -->
      <step title="Deployment timer started" date="2025-01-24T18:53:14.183" >
        <step title="DeploymentManager.Deploy(id:853f0ff9-1757-499c-805e-7b9d067219d9)" date="2025-01-24T18:53:14.221" >
          <step title="Collecting changeset information" date="2025-01-24T18:53:14.290" /><!-- duration: 234ms -->
          <step title="Updating submodules" date="2025-01-24T18:53:14.548" /><!-- duration: 1469ms -->
          <step title="Determining deployment builder" date="2025-01-24T18:53:16.723" >
            <step title="Builder is OneDeployBuilder" date="2025-01-24T18:53:16.801" /><!-- duration: 10ms -->
          </step><!-- duration: 123ms -->
          <step title="PreDeployment: context.CleanOutputPath False" date="2025-01-24T18:53:17.011" >
            <step title="PreDeployment: context.OutputPath /home/site/wwwroot" date="2025-01-24T18:53:17.545" >
              <step title="Building" date="2025-01-24T18:53:17.891" >
                <step title="Modified file to trigger a restart of the app container." date="2025-01-24T18:53:21.372" /><!-- duration: 25ms -->
                <step title="Skip function trigger and logicapp sync because function is not enabled." date="2025-01-24T18:53:21.415" /><!-- duration: 21ms -->
              </step><!-- duration: 5695ms -->
            </step><!-- duration: 6186ms -->
            <step title="Cleaning up temp files" date="2025-01-24T18:53:23.740" /><!-- duration: 21ms -->
            <step title="Cleaning up temp files" date="2025-01-24T18:53:23.771" /><!-- duration: 620ms -->
            <step title="Reloading status file with latest updates" date="2025-01-24T18:53:24.465" >
              <step title="WebHooksManager.PublishEventAsync: PostDeployment" date="2025-01-24T18:53:24.486" /><!-- duration: 66ms -->
            </step><!-- duration: 98ms -->
            <step title="Cleaning up temporary deployment - fetch deployment was successful" date="2025-01-24T18:53:24.591" /><!-- duration: 22ms -->
          </step><!-- duration: 7730ms -->
        </step><!-- duration: 10578ms -->
        <step title="Outgoing response" date="2025-01-24T18:53:24.857" type="response" statusCode="200" statusText="OK" /><!-- duration: 11ms -->
      </step><!-- duration: 10700ms -->
