<step title="Incoming Request" date="2025-01-24T18:14:39.862" instance="3d3e86" url="/api/deployments/latest" method="GET" type="request" pid="87,1,20" Accept="*/*" Host="winter-frontend-app.scm.azurewebsites.net" User-Agent="AZURECLI/2.68.0 (HOMEBREW)" Accept-Encoding="gzip, deflate" Authorization="Bas..." x-ms-client-request-id="0e7820ae-da7f-11ef-824e-5669ec64a9e2" X-ARR-LOG-ID="0e7820ae-da7f-11ef-824e-5669ec64a9e2" CLIENT-IP="89.64.57.58:21106" X-Client-IP="89.64.57.58" X-SITE-DEPLOYMENT-ID="winter-frontend-app" WAS-DEFAULT-HOSTNAME="winter-frontend-app.scm.azurewebsites.net" X-Forwarded-Proto="https" X-AppService-Proto="https" X-Forwarded-TlsVersion="1.3" X-WAWS-Unencoded-URL="/api/deployments/latest" X-Client-Port="21106" >
  <step title="Cleanup Xml Logs" date="2025-01-24T18:14:39.874" /><!-- duration: 27ms -->
  <step title="DeploymentService.GetResult" date="2025-01-24T18:14:39.980" >
    <step title="DeploymentService.GetLatestDeployment" date="2025-01-24T18:14:39.997" >
      <step title="DeploymentManager.GetResults" date="2025-01-24T18:14:40.008" /><!-- duration: 424ms -->
      <step title="Deployment 16a65692-a488-4ef1-8c52-2d3c443e22b4 is Pending" date="2025-01-24T18:14:40.444" /><!-- duration: 5ms -->
    </step><!-- duration: 457ms -->
  </step><!-- duration: 481ms -->
  <step title="Outgoing response" date="2025-01-24T18:14:40.489" type="response" statusCode="202" statusText="Accepted" /><!-- duration: 8ms -->
</step><!-- duration: 640ms -->
