<step title="Incoming Request" date="2025-01-24T18:34:00.747" instance="3d3e86" url="/api/deployments/latest" method="GET" type="request" pid="87,1,53" Accept="*/*" Host="winter-frontend-app.scm.azurewebsites.net" User-Agent="AZURECLI/2.68.0 (HOMEBREW)" Accept-Encoding="gzip, deflate" Authorization="Bas..." x-ms-client-request-id="c12d57c6-da81-11ef-94ba-5669ec64a9e2" X-ARR-LOG-ID="c12d57c6-da81-11ef-94ba-5669ec64a9e2" CLIENT-IP="89.64.57.58:21106" X-Client-IP="89.64.57.58" X-SITE-DEPLOYMENT-ID="winter-frontend-app" WAS-DEFAULT-HOSTNAME="winter-frontend-app.scm.azurewebsites.net" X-Forwarded-Proto="https" X-AppService-Proto="https" X-Forwarded-TlsVersion="1.3" X-WAWS-Unencoded-URL="/api/deployments/latest" X-Client-Port="21106" >
  <step title="Cleanup Xml Logs" date="2025-01-24T18:34:00.752" /><!-- duration: 10ms -->
  <step title="DeploymentService.GetResult" date="2025-01-24T18:34:00.779" >
    <step title="DeploymentService.GetLatestDeployment" date="2025-01-24T18:34:00.787" >
      <step title="DeploymentManager.GetResults" date="2025-01-24T18:34:00.793" /><!-- duration: 365ms -->
      <step title="Deployment 1c5434e0-5a3e-46d6-84e3-3cf9093f9040 is Pending" date="2025-01-24T18:34:01.168" /><!-- duration: 6ms -->
    </step><!-- duration: 394ms -->
  </step><!-- duration: 408ms -->
  <step title="Outgoing response" date="2025-01-24T18:34:01.200" type="response" statusCode="202" statusText="Accepted" /><!-- duration: 18ms -->
</step><!-- duration: 477ms -->
