<step title="Incoming Request" date="2025-01-24T18:11:27.146" instance="3d3e86" url="/api/deployments/latest" method="GET" type="request" pid="87,1,20" Accept="*/*" Host="winter-frontend-app.scm.azurewebsites.net" User-Agent="AZURECLI/2.68.0 (HOMEBREW)" Accept-Encoding="gzip, deflate" Authorization="Bas..." x-ms-client-request-id="9b2ae172-da7e-11ef-9d24-5669ec64a9e2" X-ARR-LOG-ID="9b2ae172-da7e-11ef-9d24-5669ec64a9e2" CLIENT-IP="89.64.57.58:21098" X-Client-IP="89.64.57.58" X-SITE-DEPLOYMENT-ID="winter-frontend-app" WAS-DEFAULT-HOSTNAME="winter-frontend-app.scm.azurewebsites.net" X-Forwarded-Proto="https" X-AppService-Proto="https" X-Forwarded-TlsVersion="1.3" X-WAWS-Unencoded-URL="/api/deployments/latest" X-Client-Port="21098" >
  <step title="Cleanup Xml Logs" date="2025-01-24T18:11:27.152" /><!-- duration: 12ms -->
  <step title="DeploymentService.GetResult" date="2025-01-24T18:11:27.191" >
    <step title="DeploymentService.GetLatestDeployment" date="2025-01-24T18:11:27.204" >
      <step title="DeploymentManager.GetResults" date="2025-01-24T18:11:27.229" /><!-- duration: 322ms -->
      <step title="Deployment 2c51164c-cddb-451a-a9dc-e19d22e004ee is Pending" date="2025-01-24T18:11:27.563" /><!-- duration: 26ms -->
    </step><!-- duration: 453ms -->
  </step><!-- duration: 494ms -->
  <step title="Outgoing response" date="2025-01-24T18:11:27.715" type="response" statusCode="202" statusText="Accepted" /><!-- duration: 36ms -->
</step><!-- duration: 618ms -->
