<step title="Incoming Request" date="2025-01-24T20:37:50.335" instance="3d3e86" url="/api/publish?type=zip" method="POST" type="request" pid="86,1,7" Accept="*/*" Host="winter-frontend-app.scm.azurewebsites.net" User-Agent="AZURECLI/2.68.0 (HOMEBREW)" Accept-Encoding="gzip, deflate" Authorization="Bas..." Cache-Control="no-cache" Content-Type="application/octet-stream" Content-Length="1018938" x-ms-client-request-id="ed08c8ce-da92-11ef-be80-5669ec64a9e2" x-ms-artifact-checksum="700c7d34438724fa99cb7e80bd14dd3353d292e2d11e8b9becb744bdba0c5881" X-ARR-LOG-ID="ed08c8ce-da92-11ef-be80-5669ec64a9e2" CLIENT-IP="89.64.57.58:21135" X-Client-IP="89.64.57.58" X-SITE-DEPLOYMENT-ID="winter-frontend-app" WAS-DEFAULT-HOSTNAME="winter-frontend-app.scm.azurewebsites.net" X-Forwarded-Proto="https" X-AppService-Proto="https" X-Forwarded-TlsVersion="1.3" X-WAWS-Unencoded-URL="/api/publish?type=zip" X-Client-Port="21135" >
  <step title="OneDeploy" date="2025-01-24T20:37:54.155" >
    <step title="None repository commit" date="2025-01-24T20:37:54.229" >
      <step title="Commit id: 358056c2-567a-4c3d-a563-c20d88f43a83" date="2025-01-24T20:37:54.256" Message="N/A" AuthorName="N/A" AuthorEmail="N/A" /><!-- duration: 12ms -->
    </step><!-- duration: 48ms -->
    <step title="Starting PushDeployAsync" date="2025-01-24T20:37:54.296" /><!-- duration: 18ms -->
    <step title="Writing artifact to /tmp/zipdeploy/4590913b-0460-43bd-b4ab-74cc83e64357.zip" date="2025-01-24T20:37:54.489" >
      <step title="Writing request body to artifacts at /tmp/zipdeploy/4590913b-0460-43bd-b4ab-74cc83e64357.zip" date="2025-01-24T20:37:54.525" /><!-- duration: 21ms -->
    </step><!-- duration: 497ms -->
    <step title="Attempting to fetch target branch HEAD" date="2025-01-24T20:37:55.063" /><!-- duration: 21ms -->
    <step title="Acquiring Deployment Lock" date="2025-01-24T20:37:55.130" /><!-- duration: 16ms -->
    <step title="Acquired Deployment Lock" date="2025-01-24T20:37:55.270" /><!-- duration: 20ms -->
    <step title="Performing fetch based deployment" date="2025-01-24T20:37:55.358" >
      <step title="Creating temporary deployment" date="2025-01-24T20:37:55.388" /><!-- duration: 185ms -->
      <step title="Releasing Deployment Lock" date="2025-01-24T20:37:57.093" /><!-- duration: 36ms -->
      <step title="Cleaning up temp folders from previous zip deployments and extracting pushed zip file /tmp/zipdeploy/4590913b-0460-43bd-b4ab-74cc83e64357.zip (0.97 MB) to /tmp/zipdeploy/extracted" date="2025-01-24T20:37:57.197" >
        <step title="ChmodRecursive Process exited with total time taken in ms: 115" date="2025-01-24T20:37:57.476" /><!-- duration: 9ms -->
      </step><!-- duration: 315ms -->
      <step title="None repository commit" date="2025-01-24T20:37:57.531" >
        <step title="Commit id: 358056c2-567a-4c3d-a563-c20d88f43a83" date="2025-01-24T20:37:57.548" Message="OneDeploy" AuthorName="N/A" AuthorEmail="N/A" /><!-- duration: 19ms -->
      </step><!-- duration: 48ms -->
      <step title="Deployment timer started" date="2025-01-24T20:37:59.631" >
        <step title="DeploymentManager.Deploy(id:358056c2-567a-4c3d-a563-c20d88f43a83)" date="2025-01-24T20:37:59.668" >
          <step title="Collecting changeset information" date="2025-01-24T20:37:59.762" /><!-- duration: 195ms -->
          <step title="Updating submodules" date="2025-01-24T20:37:59.997" /><!-- duration: 1337ms -->
          <step title="Determining deployment builder" date="2025-01-24T20:38:02.118" >
            <step title="Builder is OneDeployBuilder" date="2025-01-24T20:38:02.306" /><!-- duration: 62ms -->
          </step><!-- duration: 280ms -->
          <step title="PreDeployment: context.CleanOutputPath False" date="2025-01-24T20:38:02.523" 