<step title="Incoming Request" date="2025-01-24T17:10:01.008" instance="3d3e86" url="/api/deployments/latest" method="GET" type="request" pid="80,1,16" Accept="*/*" Host="winter-frontend-app.scm.azurewebsites.net" User-Agent="AZURECLI/2.68.0 (HOMEBREW)" Accept-Encoding="gzip, deflate" Authorization="Bas..." x-ms-client-request-id="f5f34b66-da75-11ef-8f35-5669ec64a9e2" X-ARR-LOG-ID="f5f34b66-da75-11ef-8f35-5669ec64a9e2" CLIENT-IP="89.64.57.58:21119" X-Client-IP="89.64.57.58" X-SITE-DEPLOYMENT-ID="winter-frontend-app" WAS-DEFAULT-HOSTNAME="winter-frontend-app.scm.azurewebsites.net" X-Forwarded-Proto="https" X-AppService-Proto="https" X-Forwarded-TlsVersion="1.3" X-WAWS-Unencoded-URL="/api/deployments/latest" X-Client-Port="21119" >
  <step title="Cleanup Xml Logs" date="2025-01-24T17:10:01.028" /><!-- duration: 27ms -->
  <step title="DeploymentService.GetResult" date="2025-01-24T17:10:01.430" >
    <step title="DeploymentService.GetLatestDeployment" date="2025-01-24T17:10:01.447" >
      <step title="DeploymentManager.GetResults" date="2025-01-24T17:10:01.509" /><!-- duration: 998ms -->
      <step title="Deployment 34a84909-c8d7-4337-a3c2-602733637938 is Building" date="2025-01-24T17:10:02.532" /><!-- duration: 22ms -->
    </step><!-- duration: 1123ms -->
  </step><!-- duration: 1152ms -->
  <step title="Outgoing response" date="2025-01-24T17:10:03.292" type="response" statusCode="202" statusText="Accepted" /><!-- duration: 55ms -->
</step><!-- duration: 2375ms -->
