﻿<?xml version="1.0" encoding="utf-8"?>
<deployment>
  <id>d6944e5b-e539-4c14-a419-f2e11690d17b</id>
  <author>N/A</author>
  <deployer>Push-Deployer</deployer>
  <authorEmail>N/A</authorEmail>
  <message>Created via a push deployment</message>
  <progress></progress>
  <status>Success</status>
  <statusText></statusText>
  <lastSuccessEndTime>2025-01-24T17:47:54.0729332Z</lastSuccessEndTime>
  <receivedTime>2025-01-24T17:47:45.1370284Z</receivedTime>
  <startTime>2025-01-24T17:47:47.7552341Z</startTime>
  <endTime>2025-01-24T17:47:54.0729332Z</endTime>
  <complete>True</complete>
  <is_temp>False</is_temp>
  <is_readonly>True</is_readonly>
  <buildSummary />
</deployment>