﻿<?xml version="1.0" encoding="utf-8"?>
<deployment>
  <id>358056c2-567a-4c3d-a563-c20d88f43a83</id>
  <author>N/A</author>
  <deployer>OneDeploy</deployer>
  <authorEmail>N/A</authorEmail>
  <message>OneDeploy</message>
  <progress></progress>
  <status>Failed</status>
  <statusText>Deployment has been stopped due to SCM container restart. The restart can happen due to a management operation on site. Do not perform a management operation and a deployment operation in quick succession. Adding a small delay can help avoid any conflicts.</statusText>
  <lastSuccessEndTime />
  <receivedTime>2025-01-24T20:37:59.8503083Z</receivedTime>
  <startTime>2025-01-24T20:38:02.0010406Z</startTime>
  <endTime>2025-01-24T20:53:56.2959414Z</endTime>
  <complete>True</complete>
  <is_temp>False</is_temp>
  <is_readonly>True</is_readonly>
  <buildSummary />
</deployment>