﻿<?xml version="1.0" encoding="utf-8"?>
<deployment>
  <id>4676f5d7-403e-4966-8873-c8ddf89c2066</id>
  <author>N/A</author>
  <deployer>Push-Deployer</deployer>
  <authorEmail>N/A</authorEmail>
  <message>Created via a push deployment</message>
  <progress></progress>
  <status>Success</status>
  <statusText></statusText>
  <lastSuccessEndTime>2025-01-24T18:35:46.7103906Z</lastSuccessEndTime>
  <receivedTime>2025-01-24T18:35:40.8547365Z</receivedTime>
  <startTime>2025-01-24T18:35:42.882598Z</startTime>
  <endTime>2025-01-24T18:35:46.7103906Z</endTime>
  <complete>True</complete>
  <is_temp>False</is_temp>
  <is_readonly>True</is_readonly>
  <buildSummary />
</deployment>