﻿<?xml version="1.0" encoding="utf-8"?>
<deployment>
  <id>9ad914b2-9561-46dc-ad8a-10a736b7fb6b</id>
  <author>N/A</author>
  <deployer>OneDeploy</deployer>
  <authorEmail>N/A</authorEmail>
  <message>OneDeploy</message>
  <progress></progress>
  <status>Success</status>
  <statusText></statusText>
  <lastSuccessEndTime>2025-01-24T19:28:34.0549832Z</lastSuccessEndTime>
  <receivedTime>2025-01-24T19:28:28.1937474Z</receivedTime>
  <startTime>2025-01-24T19:28:29.7673522Z</startTime>
  <endTime>2025-01-24T19:28:34.0549832Z</endTime>
  <complete>True</complete>
  <is_temp>False</is_temp>
  <is_readonly>True</is_readonly>
  <buildSummary />
</deployment>