﻿<?xml version="1.0" encoding="utf-8"?>
<deployment>
  <id>1c5434e0-5a3e-46d6-84e3-3cf9093f9040</id>
  <author>N/A</author>
  <deployer>Push-Deployer</deployer>
  <authorEmail>N/A</authorEmail>
  <message>Created via a push deployment</message>
  <progress></progress>
  <status>Success</status>
  <statusText></statusText>
  <lastSuccessEndTime>2025-01-24T18:34:06.891766Z</lastSuccessEndTime>
  <receivedTime>2025-01-24T18:34:00.0547178Z</receivedTime>
  <startTime>2025-01-24T18:34:01.4810588Z</startTime>
  <endTime>2025-01-24T18:34:06.891766Z</endTime>
  <complete>True</complete>
  <is_temp>False</is_temp>
  <is_readonly>True</is_readonly>
  <buildSummary />
</deployment>